﻿<?xml version="1.0" encoding="utf-8"?>
<S100FC:S100_FC_FeatureCatalogue
  xmlns:S100FC="http://www.iho.int/S100FC/5.0"
  xmlns:S100Base="http://www.iho.int/S100Base/5.0"
  xmlns:S100CI="http://www.iho.int/S100CI/5.0"
  xmlns:xlink="http://www.w3.org/1999/xlink"
  xmlns:S100FD="http://www.iho.int/S100CD/5.0"
  xmlns:xsi="http://www.w3.org/2001/XMLSchema-instance"
  xsi:schemaLocation="http://www.iho.int/S100FC/5.0 https://schemas.s100dev.net/schemas/S100/5.0.0/S100FC/20220610/S100FC.xsd">
  <S100FC:name>The Pizza Catalogue</S100FC:name>
  <S100FC:scope>The pizza dish</S100FC:scope>
  <S100FC:versionNumber>1.0.0</S100FC:versionNumber>
  <S100FC:versionDate>2022-02-02</S100FC:versionDate>
  <S100FC:productId>S-999</S100FC:productId>
  <S100FC:producer>
    <S100CI:role>pointOfContact</S100CI:role>
    <S100CI:party>
      <S100CI:CI_Organisation>
        <S100CI:name>The Pizza consortium</S100CI:name>
      </S100CI:CI_Organisation>
    </S100CI:party>
  </S100FC:producer>
  <S100FC:classification>unclassified</S100FC:classification>
  <S100FC:S100_FC_DefinitionSources>
    <S100FC:FC_DefinitionSource id="Wikipedia">
      <S100FC:source>
        <S100CI:title>Wikipedia, the free encyclopedia</S100CI:title>
        <S100CI:onlineResource>
          <S100CI:linkage>https://en.wikipedia.org/wiki/Main_Page</S100CI:linkage>
        </S100CI:onlineResource>
      </S100FC:source>
    </S100FC:FC_DefinitionSource>
  </S100FC:S100_FC_DefinitionSources>
  <S100FC:S100_FC_SimpleAttributes>
    <S100FC:S100_FC_SimpleAttribute>
      <S100FC:name>Category of Topping</S100FC:name>
      <S100FC:definition>Topping on a pizza (a maximum of four)</S100FC:definition>
      <S100FC:code>categoryOfTopping</S100FC:code>
      <S100FC:alias></S100FC:alias>
      <S100FC:valueType>enumeration</S100FC:valueType>
      <S100FC:listedValues>
        <S100FC:listedValue>
          <S100FC:label>Cheese</S100FC:label>
          <S100FC:definition>Usually a nice mozarella.</S100FC:definition>
          <S100FC:code>1</S100FC:code>
        </S100FC:listedValue>
        <S100FC:listedValue>
          <S100FC:label>Tomato</S100FC:label>
          <S100FC:definition>A tomato puree.</S100FC:definition>
          <S100FC:code>2</S100FC:code>
        </S100FC:listedValue>
        <S100FC:listedValue>
          <S100FC:label>Ham</S100FC:label>
          <S100FC:definition>Made from pigs. Boiled.</S100FC:definition>
          <S100FC:code>3</S100FC:code>
        </S100FC:listedValue>
        <S100FC:listedValue>
          <S100FC:label>Pineapple</S100FC:label>
          <S100FC:definition>Tropical fruit. Some people say it should not be on a pizza.</S100FC:definition>
          <S100FC:code>4</S100FC:code>
        </S100FC:listedValue>
      </S100FC:listedValues>
    </S100FC:S100_FC_SimpleAttribute>
    <S100FC:S100_FC_SimpleAttribute>
      <S100FC:name>Size</S100FC:name>
      <S100FC:definition>Size of the pizza (diameter), in centimeter.</S100FC:definition>
      <S100FC:code>size</S100FC:code>
      <S100FC:alias></S100FC:alias>
      <S100FC:valueType>real</S100FC:valueType>
    </S100FC:S100_FC_SimpleAttribute>
    <S100FC:S100_FC_SimpleAttribute>
      <S100FC:name>Name</S100FC:name>
      <S100FC:definition>The name of the pizza.</S100FC:definition>
      <S100FC:code>name</S100FC:code>
      <S100FC:valueType>text</S100FC:valueType>
    </S100FC:S100_FC_SimpleAttribute>
  </S100FC:S100_FC_SimpleAttributes>
  <S100FC:S100_FC_FeatureTypes>
    <S100FC:S100_FC_FeatureType isAbstract="false">
      <S100FC:name>Pizza</S100FC:name>
      <S100FC:definition>Pizza is a dish of Italian origin consisting of a usually round, flat base of leavened wheat-based dough topped with tomatoes, cheese, and often various other ingredients (such as anchovies, mushrooms, onions, olives, pineapple, meat, etc.), which is then baked at a high temperature, traditionally in a wood-fired oven.</S100FC:definition>
      <S100FC:code>pizza</S100FC:code>
      <S100FC:definitionReference>
        <S100FC:sourceIdentifier>https://en.wikipedia.org/wiki/Pizza</S100FC:sourceIdentifier>
        <S100FC:definitionSource ref="Wikipedia"/>
      </S100FC:definitionReference>
      <S100FC:attributeBinding>
        <S100FC:multiplicity>
          <S100Base:lower>1</S100Base:lower>
          <S100Base:upper>4</S100Base:upper>
        </S100FC:multiplicity>
        <S100FC:attribute ref="categoryOfTopping"/>
      </S100FC:attributeBinding>
      <S100FC:attributeBinding>
        <S100FC:multiplicity>
          <S100Base:lower>1</S100Base:lower>
          <S100Base:upper>1</S100Base:upper>
        </S100FC:multiplicity>
        <S100FC:attribute ref="size"/>
      </S100FC:attributeBinding>
      <S100FC:attributeBinding>
        <S100FC:multiplicity>
          <S100Base:lower>1</S100Base:lower>
          <S100Base:upper>1</S100Base:upper>
        </S100FC:multiplicity>
        <S100FC:attribute ref="name"/>
      </S100FC:attributeBinding>
      <S100FC:featureUseType>cartographic</S100FC:featureUseType>
      <S100FC:permittedPrimitives>noGeometry</S100FC:permittedPrimitives>
    </S100FC:S100_FC_FeatureType>
  </S100FC:S100_FC_FeatureTypes>
</S100FC:S100_FC_FeatureCatalogue>
