<?xml version="1.0" encoding="UTF-8"?>
<Dataset xmlns:xsi="http://www.w3.org/2001/XMLSchema-instance" xsi:noNamespaceSchemaLocation="S101DataModel.xsd" xmlns:s100="http://www.iho.int/S100BaseModel">

    <!-- THE INFORMATION TYPES -->
    <InformationTypes xmlns="">

        <!-- A CHART NOTE -->
        <ChartNote id="1">
            <note>
                <noteText>Hello world!</noteText>
                <language>en</language>
            </note>
            <note>
                <noteText>Hallo Welt!</noteText>
                <language>de</language>
            </note>
        </ChartNote>

        <!-- AN INFORMATION OBJECT INDICATING SPATIAL QUALITY -->
        <SpatialQuality id="2">
            <qualityOfPosition>2</qualityOfPosition>
        </SpatialQuality>

    </InformationTypes>

    <!-- THE SPATIAL OBJECTS -->
    <!-- SOME POINTS -->
    <Points>
        <Point id="1">
            <Coordinate2D>
                <x>1.0</x>
                <y>2.0</y>
            </Coordinate2D>
        </Point>

        <Point id="2">
            <Coordinate2D>
                <x>1.0</x>
                <y>2.0</y>
            </Coordinate2D>
        </Point>

        <Point id="3">
            <Coordinate2D>
                <x>1.0</x>
                <y>2.0</y>
            </Coordinate2D>
        </Point>
    </Points>

    <!-- POINT SETS -->
    <MultiPoints>
        <MultiPoint id="1">
            <Coordinate3D>
                <x>2.0</x>
                <y>3.0</y>
                <z>5.3</z>
            </Coordinate3D>
            <Coordinate3D>
                <x>5</x>
                <y>6</y>
                <z>7</z>
            </Coordinate3D>
        </MultiPoint>

        <MultiPoint id="2">
            <Coordinate3D>
                <x>2.0</x>
                <y>2.5</y>
                <z>5.3</z>
            </Coordinate3D>
            <Coordinate3D>
                <x>2.0</x>
                <y>2.5</y>
                <z>5.3</z>
            </Coordinate3D>
        </MultiPoint>

        <MultiPoint id="5">
            <Coordinate3D>
                <x>2.0</x>
                <y>2.5</y>
                <z>5.3</z>
            </Coordinate3D>
        </MultiPoint>
    </MultiPoints>

    <!-- CURVES -->
    <Curves>
        <Curve id="1">
            <Boundary ref="1" boundaryType="Begin"/>
            <Boundary ref="1" boundaryType="End"/>
            <Segment interpolation="Loxodromic">
                <ControlPoint>
                    <x>1</x>
                    <y>2</y>
                </ControlPoint>
                <ControlPoint>
                    <x>1</x>
                    <y>2</y>
                </ControlPoint>
            </Segment>
        </Curve>

        <Curve id="2">
            <Boundary ref="2" boundaryType="Begin"/>
            <Boundary ref="3" boundaryType="End"/>
            <Segment interpolation="Loxodromic">
                <ControlPoint>
                    <x>3.6</x>
                    <y>4.5</y>
                </ControlPoint>
                <ControlPoint>
                    <x>3.8</x>
                    <y>4.7</y>
                </ControlPoint>
            </Segment>
        </Curve>

        <Curve id="3">
            <Segment interpolation="Loxodromic">
                <ControlPoint>
                    <x>3.6</x>
                    <y>4.5</y>
                </ControlPoint>
                <ControlPoint>
                    <x>3.8</x>
                    <y>4.7</y>
                </ControlPoint>
            </Segment>
            <spatialQuality role="qualityOfPosition" informationRef="2"/>
        </Curve>

        <Curve id="5">
            <Segment interpolation="Loxodromic">
                <ControlPoint>
                    <x>3.6</x>
                    <y>4.5</y>
                </ControlPoint>
                <ControlPoint>
                    <x>3.8</x>
                    <y>4.7</y>
                </ControlPoint>
                <ControlPoint>
                    <x>7</x>
                    <y>5.3</y>
                </ControlPoint>
            </Segment>
        </Curve>
        <Curve id="6">
            <CircleByCenterPoint interpolation="CircularArcCenterPointWithRadius" radius="5.0">
                <ControlPoint>
                    <x>2.0</x>
                    <y>3.0</y>
                </ControlPoint>
            </CircleByCenterPoint>
            <ArcByCenterPoint interpolation="CircularArcCenterPointWithRadius" radius="5.0" startAngle="23.0" angularDistance="-45.0">
                <ControlPoint>
                    <x>12.4</x>
                    <y>22</y>
                </ControlPoint>
            </ArcByCenterPoint>
        </Curve>

    </Curves>

    <!-- COMPOSITE CURVES -->
    <CompositeCurves>
        <CompositeCurve id="1">
            <Curve ref="1" orientation="Forward"/>
            <Curve ref="5" orientation="Reverse"/>
        </CompositeCurve>
        <CompositeCurve id="2">
            <Curve ref="3" orientation="Forward"/>
            <CompositeCurve ref="1" orientation="Reverse"/>
        </CompositeCurve>
    </CompositeCurves>

    <!-- SURFACES -->
    <Surfaces>
        <Surface id="1">
            <Ring type="Outer">
                <Curve ref="1" orientation="Forward"/>
                <CompositeCurve ref="1" orientation="Reverse"/>
            </Ring>
            <Ring type="Inner">
                <Curve ref="5" orientation="Reverse"/>
            </Ring>
        </Surface>
    </Surfaces>

    <!-- THE FEATURE TYPES OF THE DATA SET -->
    <Features>
        <DepthArea id="1" primitive="Surface">
            <depthValue1 xsi:nil="true"/>
            <depthValue2>0</depthValue2>
        </DepthArea>

        <BeaconCardinal id="2" primitive="Point">
            <Point ref="3"/>
            <Point ref="1"/>
            <noteAssociation role="aNote" informationRef="1"/>
            <underlyingArea role="area" featureRef="3"/>
            <categoryOfCardinalMark>3</categoryOfCardinalMark>
        </BeaconCardinal>

        <DepthArea id="3" primitive="Surface">
            <Surface ref="1"/>
            <depthValue1>0</depthValue1>
            <depthValue2>5</depthValue2>
        </DepthArea>

        <DepthContour id="4" primitive="Curve">
            <Curve ref="2" orientation="Forward"/>
            <CompositeCurve ref="2" orientation="Reverse"/>
        </DepthContour>

        <DepthContour id="5" primitive="Curve">
            <Curve ref="2" orientation="Forward"/>
            <Curve ref="3" orientation="Reverse"/>
        </DepthContour>

        <Landmark id="6" primitive="Point">
            <Point ref="2"/>
            <categoryOfLandmark>15</categoryOfLandmark>
            <function>21</function>
            <visuallyConspicuous>1</visuallyConspicuous>
        </Landmark>

        <DepthArea id="7" primitive="Surface">
            <depthValue1>5</depthValue1>
            <depthValue2>10</depthValue2>
        </DepthArea>

        <DepthArea id="8" primitive="Surface">
            <depthValue1>10</depthValue1>
            <depthValue2>20</depthValue2>
        </DepthArea>

        <DepthArea id="9" primitive="Surface">
            <depthValue1>20</depthValue1>
        </DepthArea>

        <Landmark id="10" primitive="Point">
            <categoryOfLandmark>5</categoryOfLandmark>
        </Landmark>

        <Landmark id="11" primitive="Point"/>

        <Landmark id="12" primitive="Point">
            <categoryOfLandmark>17</categoryOfLandmark>
            <function>33</function>
            <objectName>A name</objectName>
        </Landmark>

        <Landmark id="13" primitive="Point">
            <visuallyConspicuous>1</visuallyConspicuous>
            <objectName>No display name</objectName>
        </Landmark>
    </Features>

</Dataset>
